Date,Description,Amount,Category
2026-04-01,Service Work Net Paycheck,1750.00,Income
2026-04-01,Metro City Apartment Rent,-1600.00,Housing
2026-04-02,DoorDash Food Delivery,-44.50,Food & Dining
2026-04-03,Starbucks Daily Coffee,-7.25,Food & Dining
2026-04-04,Uber Eats Takeout Dinner,-38.90,Food & Dining
2026-04-06,Corner Grocery Market,-68.40,Groceries
2026-04-08,Downtown Bar Weekend Drinks,-86.00,Food & Dining
2026-04-10,Late Payment Fee & Overdraft,-35.00,Utilities
2026-04-12,DoorDash Food Delivery,-42.10,Food & Dining
2026-04-15,Service Work Net Paycheck,1750.00,Income
2026-04-16,City Electric & Gas Utility,-142.50,Utilities
2026-04-18,Uber Eats Takeout Dinner,-36.40,Food & Dining
2026-04-22,Target Impulse Shopping,-78.90,Shopping
2026-04-26,Local Pub & Grill,-62.00,Food & Dining
2026-05-01,Service Work Net Paycheck,1750.00,Income
2026-05-01,Metro City Apartment Rent,-1600.00,Housing
2026-05-03,DoorDash Food Delivery,-48.20,Food & Dining
2026-05-05,Corner Grocery Market,-72.10,Groceries
2026-05-08,Downtown Bar Weekend Drinks,-94.50,Food & Dining
2026-05-12,Uber Eats Takeout Dinner,-41.00,Food & Dining
2026-05-15,Service Work Net Paycheck,1750.00,Income
2026-05-17,City Electric & Gas Utility,-155.00,Utilities
2026-05-20,DoorDash Food Delivery,-39.80,Food & Dining
2026-05-24,Local Pub & Grill,-74.00,Food & Dining
2026-06-01,Service Work Net Paycheck,1750.00,Income
2026-06-01,Metro City Apartment Rent,-1600.00,Housing
2026-06-03,DoorDash Food Delivery,-51.20,Food & Dining
2026-06-07,Downtown Bar Weekend Drinks,-88.40,Food & Dining
2026-06-11,Uber Eats Takeout Dinner,-44.00,Food & Dining
2026-06-15,Service Work Net Paycheck,1750.00,Income
2026-06-18,City Electric & Gas Utility,-168.00,Utilities
2026-06-22,DoorDash Food Delivery,-46.50,Food & Dining
2026-07-01,Service Work Net Paycheck,1750.00,Income
2026-07-01,Metro City Apartment Rent,-1600.00,Housing
2026-07-04,DoorDash Food Delivery,-54.00,Food & Dining
2026-07-08,Downtown Bar Weekend Drinks,-92.00,Food & Dining
2026-07-15,Service Work Net Paycheck,1750.00,Income
2026-07-20,Uber Eats Takeout Dinner,-48.00,Food & Dining
2026-08-01,Service Work Net Paycheck,1750.00,Income
2026-08-01,Metro City Apartment Rent,-1600.00,Housing
2026-08-05,DoorDash Food Delivery,-49.50,Food & Dining
2026-08-15,Service Work Net Paycheck,1750.00,Income
2026-08-19,City Electric & Gas Utility,-172.00,Utilities
2026-08-25,Downtown Bar Weekend Drinks,-85.00,Food & Dining
2026-09-01,Service Work Net Paycheck,1750.00,Income
2026-09-01,Metro City Apartment Rent,-1600.00,Housing
2026-09-04,DoorDash Food Delivery,-52.00,Food & Dining
2026-09-12,Uber Eats Takeout Dinner,-46.00,Food & Dining
2026-09-15,Service Work Net Paycheck,1750.00,Income
